Date,Open,High,Low,Close,Volume,Dividends,Stock Splits
2016-09-13,18262.99,18262.99,18001.97,18066.75,4141670000,0,0
2016-09-14,18073.39,18198.34,17957.79,18034.77,3664100000,0,0
2016-09-15,18024.91,18274.49,17977.33,18212.48,3373720000,0,0
2016-09-16,18217.21,18238.33,18016.93,18123.8,5014360000,0,0
2016-09-19,18154.82,18297.64,18070.72,18120.17,3163000000,0,0
2016-09-20,18175.36,18269.25,18088.77,18129.96,3140730000,0,0
2016-09-21,18164.96,18339.28,18083.84,18293.7,3712090000,0,0
2016-09-22,18343.76,18497.41,18327.95,18392.46,3552830000,0,0
2016-09-23,18377.36,18438.68,18210.71,18261.45,3317190000,0,0
2016-09-26,18217.76,18240.25,18027.65,18094.83,3216170000,0,0
2016-09-27,18099.21,18271.21,18019.19,18228.3,3437770000,0,0
2016-09-28,18240.49,18411.53,18135.27,18339.24,3891460000,0,0
2016-09-29,18322.88,18421.9,18073.7,18143.45,4249220000,0,0
2016-09-30,18196.94,18402.19,18163.38,18308.15,4173340000,0,0
2016-10-03,18279.6,18339.79,18155.2,18253.85,3137550000,0,0
2016-10-04,18267.68,18375.23,18094.28,18168.45,3750890000,0,0
2016-10-05,18205.5,18370.16,18158.88,18281.03,3906550000,0,0
2016-10-06,18280.42,18345.55,18103.7,18268.5,3461550000,0,0
2016-10-07,18295.35,18366.67,18116.3,18240.49,3619890000,0,0
2016-10-10,18282.95,18464.84,18251.2,18329.04,2916550000,0,0
2016-10-11,18309.59,18338.15,18050.93,18128.66,3438270000,0,0
2016-10-12,18132.63,18230.6,18036.96,18144.2,2977100000,0,0
2016-10-13,18081.88,18155.57,17911.64,18098.94,3580450000,0,0
2016-10-14,18177.35,18303.77,18101.92,18138.38,3228150000,0,0
2016-10-17,18138.73,18216.21,18013.3,18086.4,2830390000,0,0
2016-10-18,18157.22,18293.4,18050.62,18161.94,3170000000,0,0
2016-10-19,18175.16,18322.09,18105.92,18202.62,3362670000,0,0
2016-10-20,18161.87,18295.18,18068.8,18162.35,3337170000,0,0
2016-10-21,18152.63,18219.3,17979.88,18145.71,3448850000,0,0
2016-10-24,18197.14,18342.98,18140.34,18223.03,3357320000,0,0
2016-10-25,18206.52,18327.91,18072.54,18169.27,3751340000,0,0
2016-10-26,18103.8,18308.95,17988.37,18199.33,3775200000,0,0
2016-10-27,18234.81,18340.87,18084.76,18169.68,4204830000,0,0
2016-10-28,18193.79,18326.88,18040.94,18161.19,4019510000,0,0
2016-10-31,18176.6,18256.89,18069.97,18142.42,3922400000,0,0
2016-11-01,18158.41,18222.1,17928.14,18037.1,4532160000,0,0
2016-11-02,18017.72,18110.78,17885.71,17959.64,4248580000,0,0
2016-11-03,17978.75,18077.26,17870.0,17930.67,3886740000,0,0
2016-11-04,17928.35,18053.51,17815.01,17888.28,3837860000,0,0
2016-11-07,17994.64,18292.78,17994.64,18259.6,3736060000,0,0
2016-11-08,18251.38,18427.79,18153.18,18332.74,3916930000,0,0
2016-11-09,18317.26,18715.1,18084.25,18589.69,6264150000,0,0
2016-11-10,18603.14,19020.72,18500.45,18807.88,6451640000,0,0
2016-11-11,18781.65,18944.12,18633.04,18847.66,4988050000,0,0
2016-11-14,18876.77,19098.04,18651.25,18868.69,5367200000,0,0
2016-11-15,18858.21,19013.46,18704.09,18923.06,4543860000,0,0
2016-11-16,18909.85,18993.29,18736.45,18868.14,3830590000,0,0
2016-11-17,18866.22,18989.51,18750.42,18903.82,3809160000,0,0
2016-11-18,18905.33,18995.62,18781.54,18867.93,3572400000,0,0
2016-11-21,18898.68,19026.64,18814.45,18956.69,3607010000,0,0
2016-11-22,18970.39,19114.89,18877.42,19023.87,3957940000,0,0
2016-11-23,19015.52,19154.37,18920.74,19083.18,3418640000,0,0
2016-11-25,19093.72,19211.51,19052.02,19152.14,1584600000,0,0
2016-11-28,19122.14,19201.96,18999.29,19097.9,3505650000,0,0
2016-11-29,19064.07,19214.97,18997.37,19121.6,3706560000,0,0
2016-11-30,19135.64,19326.5,19035.86,19123.58,5533980000,0,0
2016-12-01,19149.2,19340.74,19017.11,19191.93,5063740000,0,0
2016-12-02,19161.25,19284.28,19057.94,19170.42,3779500000,0,0
2016-12-05,19244.35,19274.85,19186.73,19216.24,3895230000,0,0
2016-12-06,19219.91,19332.7,19105.5,19251.78,3855320000,0,0
2016-12-07,19241.99,19584.17,19162.93,19549.62,4501820000,0,0
2016-12-08,19554.55,19722.37,19448.67,19614.81,4200580000,0,0
2016-12-09,19631.35,19801.87,19533.87,19756.85,3884480000,0,0
2016-12-12,19770.2,19926.51,19626.42,19796.43,4034510000,0,0
2016-12-13,19852.21,19953.75,19846.45,19911.21,3857590000,0,0
2016-12-14,19876.13,20046.46,19696.24,19792.53,4406970000,0,0
2016-12-15,19814.45,20004.64,19725.45,19852.24,4168200000,0,0
2016-12-16,19909.01,20004.65,19742.57,19843.41,5920340000,0,0
2016-12-19,19836.66,19989.55,19752.12,19883.06,3248370000,0,0
2016-12-20,19920.59,20065.19,19853.48,19974.62,3298780000,0,0
2016-12-21,19968.97,20059.23,19860.35,19941.96,2852230000,0,0
2016-12-22,19922.68,20023.96,19801.63,19918.88,2876320000,0,0
2016-12-23,19908.61,19990.24,19835.87,19933.81,2020550000,0,0
2016-12-27,19948.33,20032.42,19885.79,19945.04,1987080000,0,0
2016-12-28,19964.31,20020.16,19807.15,19833.68,2392360000,0,0
2016-12-29,19837.61,19925.9,19749.73,19819.78,2336370000,0,0
2016-12-30,19833.17,19895.15,19694.39,19762.6,2670900000,0,0
2017-01-03,19872.86,20021.6,19694.36,19881.76,3770530000,0,0
2017-01-04,19890.94,20037.42,19812.15,19942.16,3764890000,0,0
2017-01-05,19922.56,20031.4,19747.6,19899.29,3761820000,0,0
2017-01-06,19906.96,20048.52,19781.19,19963.8,3339890000,0,0
2017-01-09,19931.41,20021.53,19807.52,19887.38,3217610000,0,0
2017-01-10,19876.35,20007.46,19745.44,19855.53,3638790000,0,0
2017-01-11,19887.38,20030.37,19779.14,19954.28,3620410000,0,0
2017-01-12,19926.21,19981.47,19721.44,19891.0,3462130000,0,0
2017-01-13,19912.54,20009.41,19802.9,19885.73,3081270000,0,0
2017-01-17,19848.82,19882.99,19775.35,19826.77,3584990000,0,0
2017-01-18,19822.73,19922.64,19667.13,19804.72,3315250000,0,0
2017-01-19,19813.55,19893.23,19654.46,19732.4,3165970000,0,0
2017-01-20,19795.06,19922.95,19695.42,19827.25,3524970000,0,0
2017-01-23,19794.79,19900.49,19666.55,19799.85,3152710000,0,0
2017-01-24,19794.68,20022.25,19693.4,19912.71,3810960000,0,0
2017-01-25,19994.48,20179.56,19904.02,20068.51,3846020000,0,0
2017-01-26,20076.25,20212.94,19984.66,20100.91,3610360000,0,0
2017-01-27,20103.36,20203.11,19980.0,20093.78,3135890000,0,0
2017-01-30,20028.62,20086.52,19822.73,19971.13,3591270000,0,0
2017-01-31,19913.16,19996.33,19718.19,19864.09,4087450000,0,0
2017-02-01,19923.81,20054.47,19779.45,19890.94,3916610000,0,0
2017-02-02,19858.34,19989.52,19731.85,19884.91,3807710000,0,0
2017-02-03,19964.21,20145.37,19901.41,20071.46,3597970000,0,0
2017-02-06,20025.61,20156.75,19945.62,20052.42,3109050000,0,0
2017-02-07,20107.62,20155.35,20068.68,20090.29,3448690000,0,0
2017-02-08,20049.29,20143.47,19949.18,20054.34,3609740000,0,0
2017-02-09,20061.73,20257.25,20014.82,20172.4,3677940000,0,0
2017-02-10,20211.23,20352.34,20137.03,20269.37,3475020000,0,0
2017-02-13,20338.54,20483.01,20264.18,20412.16,3349730000,0,0
2017-02-14,20374.22,20544.78,20312.35,20504.41,3520910000,0,0
2017-02-15,20504.27,20668.57,20438.22,20611.86,3775590000,0,0
2017-02-16,20627.31,20732.01,20494.62,20619.77,3672370000,0,0
2017-02-17,20564.13,20684.01,20456.3,20624.05,3513060000,0,0
2017-02-21,20663.43,20817.26,20588.23,20743.0,3579780000,0,0
2017-02-22,20715.41,20848.37,20625.83,20775.6,3468670000,0,0
2017-02-23,20817.21,20928.66,20691.57,20810.32,4015260000,0,0
2017-02-24,20751.91,20881.75,20652.41,20821.76,3831570000,0,0
2017-02-27,20808.71,20915.96,20706.2,20837.44,3582610000,0,0
2017-02-28,20833.88,20921.64,20720.78,20812.24,4210140000,0,0
2017-03-01,20957.29,21212.94,20924.14,21115.55,4345180000,0,0
2017-03-02,21128.91,21200.31,20939.35,21002.97,3821320000,0,0
2017-03-03,21008.75,21113.81,20898.6,21005.71,3555260000,0,0
2017-03-06,20955.71,21041.62,20838.57,20954.34,3232700000,0,0
2017-03-07,20934.89,21032.24,20836.14,20924.76,3518390000,0,0
2017-03-08,20940.44,21027.45,20787.42,20855.73,3812100000,0,0
2017-03-09,20864.32,20966.05,20735.78,20858.19,3716340000,0,0
2017-03-10,20919.01,21022.21,20781.29,20902.98,3432950000,0,0
2017-03-13,20899.28,20981.19,20790.02,20881.48,3133900000,0,0
2017-03-14,20848.6,20929.34,20733.01,20837.37,3172630000,0,0
2017-03-15,20874.78,21027.93,20773.21,20950.1,3906840000,0,0
2017-03-16,20969.27,21059.46,20854.05,20934.55,3365660000,0,0
2017-03-17,20965.37,21056.04,20835.52,20914.62,5178040000,0,0
2017-03-20,20916.27,21022.93,20821.62,20905.86,3054930000,0,0
2017-03-21,20956.33,21007.28,20620.35,20668.01,4265590000,0,0
2017-03-22,20640.42,20760.09,20503.37,20661.3,3572730000,0,0
2017-03-23,20645.07,20790.89,20563.06,20656.58,3260600000,0,0
2017-03-24,20674.45,20783.31,20512.39,20596.72,2975130000,0,0
2017-03-27,20488.35,20617.58,20348.88,20550.98,3240230000,0,0
2017-03-28,20542.14,20754.27,20465.58,20701.5,3367780000,0,0
2017-03-29,20675.75,20751.08,20575.38,20659.32,3106940000,0,0
2017-03-30,20662.79,20797.45,20602.72,20728.49,3158420000,0,0
2017-03-31,20700.34,20775.05,20605.32,20663.22,3354110000,0,0
2017-04-03,20665.17,20745.29,20504.75,20650.21,3416400000,0,0
2017-04-04,20634.94,20751.0,20558.06,20689.24,3206240000,0,0
2017-04-05,20745.06,20933.46,20613.16,20648.15,3770520000,0,0
2017-04-06,20653.77,20768.21,20573.03,20662.95,3201920000,0,0
2017-04-07,20647.81,20749.58,20575.21,20656.1,3053150000,0,0
2017-04-10,20668.22,20784.67,20577.99,20658.02,2785410000,0,0
2017-04-11,20644.32,20712.9,20491.74,20651.3,3117420000,0,0
2017-04-12,20637.95,20705.58,20508.62,20591.86,3196950000,0,0
2017-04-13,20561.69,20661.78,20435.65,20453.25,3143890000,0,0
2017-04-17,20484.75,20665.14,20455.2,20636.92,2824710000,0,0
2017-04-18,20561.39,20663.63,20412.57,20523.28,3269840000,0,0
2017-04-19,20503.52,20603.09,20349.01,20404.49,3519900000,0,0
2017-04-20,20406.68,20656.03,20383.33,20578.71,3647420000,0,0
2017-04-21,20578.1,20676.16,20468.9,20547.76,3503360000,0,0
2017-04-24,20723.59,20861.06,20654.9,20763.89,3690650000,0,0
2017-04-25,20915.51,21091.55,20853.36,20996.12,3995240000,0,0
2017-04-26,21009.95,21150.2,20893.26,20975.09,4105920000,0,0
2017-04-27,20991.12,21086.9,20877.37,20981.33,4098460000,0,0
2017-04-28,20987.39,21050.05,20858.6,20940.51,3718270000,0,0
2017-05-01,20962.73,21048.74,20841.83,20913.46,3199240000,0,0
2017-05-02,20941.19,21033.89,20810.29,20949.89,3813680000,0,0
2017-05-03,20915.0,21044.84,20802.08,20957.9,3893990000,0,0
2017-05-04,20987.83,21060.22,20821.76,20951.47,4362540000,0,0
2017-05-05,20929.04,21052.79,20838.57,21006.94,3540140000,0,0
2017-05-08,20991.26,21092.1,20899.7,21012.28,3429440000,0,0
2017-05-09,21022.28,21110.72,20895.38,20975.78,3653590000,0,0
2017-05-10,20958.49,21016.87,20795.22,20943.11,3643530000,0,0
2017-05-11,20925.72,20990.09,20752.97,20919.42,3727420000,0,0
2017-05-12,20893.19,20975.16,20805.29,20896.61,3305630000,0,0
2017-05-15,20923.63,21072.45,20862.88,20981.94,3473600000,0,0
2017-05-16,20984.48,21106.27,20877.07,20979.75,3420790000,0,0
2017-05-17,20846.17,20903.95,20550.88,20606.93,4163000000,0,0
2017-05-18,20579.65,20793.43,20463.63,20663.02,4319420000,0,0
2017-05-19,20698.28,20893.74,20619.67,20804.84,3825160000,0,0
2017-05-22,20867.77,20991.77,20781.49,20894.83,3172830000,0,0
2017-05-23,20908.67,21040.94,20830.35,20937.91,3213570000,0,0
2017-05-24,20949.21,21087.65,20863.12,21012.42,3389900000,0,0
2017-05-25,21062.96,21187.6,20971.12,21082.95,3535390000,0,0
2017-05-26,21070.15,21157.22,20992.21,21080.28,2805040000,0,0
2017-05-30,21045.49,21137.23,20944.58,21029.47,3203160000,0,0
2017-05-31,21048.46,21148.97,20875.76,21008.65,4516110000,0,0
2017-06-01,21030.55,21184.92,20915.65,21144.18,3857140000,0,0
2017-06-02,21142.09,21307.2,21050.84,21206.29,3461680000,0,0
2017-06-05,21195.03,21299.16,21105.49,21184.04,2912600000,0,0
2017-06-06,21145.48,21260.5,21031.01,21136.23,3357840000,0,0
2017-06-07,21171.57,21278.34,21038.61,21173.69,3572300000,0,0
2017-06-08,21169.76,21329.53,21039.47,21182.53,3728860000,0,0
2017-06-09,21208.96,21398.94,21046.32,21271.97,4027340000,0,0
2017-06-12,21259.95,21396.33,21063.93,21235.67,4027750000,0,0
2017-06-13,21256.83,21423.83,21181.43,21328.47,3275500000,0,0
2017-06-14,21342.71,21492.0,21197.46,21374.56,3555590000,0,0
2017-06-15,21291.69,21459.34,21166.02,21359.9,3353050000,0,0
2017-06-16,21335.93,21481.18,21215.3,21384.28,5284720000,0,0
2017-06-19,21444.75,21598.05,21353.63,21528.99,3264700000,0,0
2017-06-20,21521.25,21620.82,21398.97,21467.14,3416510000,0,0
2017-06-21,21466.39,21571.1,21302.82,21410.03,3594820000,0,0
2017-06-22,21407.98,21525.46,21324.86,21397.29,3468210000,0,0
2017-06-23,21380.92,21515.18,21244.48,21394.76,5278330000,0,0
2017-06-26,21434.68,21572.71,21318.4,21409.55,3238970000,0,0
2017-06-27,21411.19,21501.73,21268.48,21310.66,3563910000,0,0
2017-06-28,21372.36,21551.49,21322.17,21454.61,3500800000,0,0
2017-06-29,21487.38,21537.86,21184.02,21287.03,3900280000,0,0
2017-06-30,21348.6,21426.12,21325.08,21349.63,3361590000,0,0
2017-07-03,21392.3,21562.75,21391.71,21479.27,1962290000,0,0
2017-07-05,21492.83,21612.19,21333.23,21478.17,3367220000,0,0
2017-07-06,21423.93,21508.34,21257.35,21320.04,3364520000,0,0
2017-07-07,21354.66,21503.13,21268.95,21414.34,2901330000,0,0
2017-07-10,21381.23,21537.44,21283.37,21408.52,2999130000,0,0
2017-07-11,21410.17,21512.24,21267.14,21409.07,3106750000,0,0
2017-07-12,21467.93,21645.35,21432.08,21532.14,3171620000,0,0
2017-07-13,21537.19,21652.36,21433.22,21553.09,3067670000,0,0
2017-07-14,21532.77,21697.63,21467.18,21637.74,2736640000,0,0
2017-07-17,21633.97,21726.38,21538.64,21629.72,2793170000,0,0
2017-07-18,21589.94,21702.42,21421.34,21574.73,2962130000,0,0
2017-07-19,21569.25,21698.62,21499.37,21640.75,3059760000,0,0
2017-07-20,21641.54,21770.49,21501.83,21611.78,3182780000,0,0
2017-07-21,21591.72,21675.27,21434.65,21580.07,3059570000,0,0
2017-07-24,21577.78,21649.96,21430.78,21513.17,3010240000,0,0
2017-07-25,21638.56,21788.6,21486.46,21613.43,4108060000,0,0
2017-07-26,21690.38,21858.62,21555.45,21711.01,3557020000,0,0
2017-07-27,21717.42,21926.97,21552.48,21796.55,3995520000,0,0
2017-07-28,21787.51,21922.49,21648.49,21830.31,3294770000,0,0
2017-07-31,21863.39,22023.43,21777.62,21891.12,3469210000,0,0
2017-08-01,21961.42,22086.99,21848.8,21963.92,3460860000,0,0
2017-08-02,22004.36,22126.19,21870.99,22016.24,3478580000,0,0
2017-08-03,22007.58,22147.29,21899.99,22026.1,3645020000,0,0
2017-08-04,22058.39,22190.4,21959.13,22092.81,3235140000,0,0
2017-08-07,22100.2,22214.98,21985.84,22118.42,2931780000,0,0
2017-08-08,22095.14,22224.4,22003.61,22085.34,3344640000,0,0
2017-08-09,22022.34,22140.95,21906.78,22048.7,3308060000,0,0
2017-08-10,21988.2,22062.13,21775.25,21844.01,3621070000,0,0
2017-08-11,21883.32,22016.59,21754.83,21858.32,3159930000,0,0
2017-08-14,21945.64,22102.39,21889.14,21993.71,2822550000,0,0
2017-08-15,22029.91,22135.71,21885.51,21998.99,2913100000,0,0
2017-08-16,22031.93,22167.34,21919.89,22024.87,2953650000,0,0
2017-08-17,21984.74,22036.31,21731.11,21750.73,3142620000,0,0
2017-08-18,21724.88,21851.95,21585.52,21674.51,3415680000,0,0
2017-08-21,21671.36,21783.47,21545.11,21703.75,2788150000,0,0
2017-08-22,21739.78,21945.36,21711.42,21899.89,2777490000,0,0
2017-08-23,21850.27,21954.47,21719.54,21812.09,2785290000,0,0
2017-08-24,21839.9,21924.27,21703.19,21783.4,2846590000,0,0
2017-08-25,21819.08,21952.69,21754.43,21813.67,2588780000,0,0
2017-08-28,21832.5,21927.56,21703.04,21808.4,2677700000,0,0
2017-08-29,21718.0,21919.05,21626.71,21865.37,2737580000,0,0
2017-08-30,21859.76,21978.23,21764.67,21892.43,2633660000,0,0
2017-08-31,21936.01,22056.2,21833.8,21948.1,3348110000,0,0
2017-09-01,21981.77,22111.56,21876.08,21987.56,2710730000,0,0
2017-09-05,21912.37,22009.66,21648.45,21753.31,3490260000,0,0
2017-09-06,21815.76,21849.24,21794.07,21807.64,3374410000,0,0
2017-09-07,21820.38,21850.01,21745.71,21784.78,3353930000,0,0
2017-09-08,21764.43,21939.77,21632.78,21797.79,3302490000,0,0
2017-09-11,21927.79,22067.1,21927.79,22057.37,3291760000,0,0
2017-09-12,22090.56,22280.53,21959.5,22118.86,3230920000,0,0
2017-09-13,22103.47,22261.46,21999.12,22158.18,3368050000,0,0
2017-09-14,22144.96,22307.18,22045.88,22203.48,3414460000,0,0
2017-09-15,22252.44,22377.73,22105.43,22268.34,4853170000,0,0
2017-09-18,22297.92,22441.13,22201.7,22331.35,3194300000,0,0
2017-09-19,22349.7,22493.7,22235.4,22370.8,3249100000,0,0
2017-09-20,22351.38,22521.01,22222.97,22412.59,3530010000,0,0
2017-09-21,22414.02,22497.46,22268.62,22359.23,2930860000,0,0
2017-09-22,22334.07,22456.42,22212.34,22349.59,2865960000,0,0
2017-09-25,22320.47,22459.42,22145.92,22296.09,3297890000,0,0
2017-09-26,22322.03,22451.46,22218.6,22284.32,3043110000,0,0
2017-09-27,22330.93,22481.48,22182.14,22340.71,3456030000,0,0
2017-09-28,22306.83,22466.34,22211.85,22381.2,3168620000,0,0
2017-09-29,22358.47,22473.05,22251.75,22405.09,3211920000,0,0
2017-10-02,22423.47,22610.93,22347.15,22557.6,3199730000,0,0
2017-10-03,22564.45,22718.17,22499.56,22641.67,3068850000,0,0
2017-10-04,22645.67,22754.59,22549.37,22661.64,3017120000,0,0
2017-10-05,22669.08,22843.73,22583.25,22775.39,3045120000,0,0
2017-10-06,22762.03,22837.43,22664.09,22773.67,2884570000,0,0
2017-10-09,22779.73,22882.59,22667.2,22761.07,2483970000,0,0
2017-10-10,22784.76,22930.28,22688.77,22830.68,2960500000,0,0
2017-10-11,22827.65,22953.24,22716.14,22872.89,2976090000,0,0
2017-10-12,22854.85,22969.32,22726.29,22841.01,3151510000,0,0
2017-10-13,22876.43,23004.12,22736.0,22871.72,3149440000,0,0
2017-10-16,22892.92,23053.18,22789.81,22956.96,2916020000,0,0
2017-10-17,22952.41,23139.5,22803.42,22997.44,2889390000,0,0
2017-10-18,23087.13,23267.22,22987.8,23157.6,2998090000,0,0
2017-10-19,23107.47,23258.85,22948.38,23163.04,2990710000,0,0
2017-10-20,23205.18,23419.07,23107.58,23328.63,3384650000,0,0
2017-10-23,23348.95,23484.0,23184.14,23273.96,3211710000,0,0
2017-10-24,23346.78,23637.76,23261.44,23441.76,3427330000,0,0
2017-10-25,23431.09,23570.93,23156.75,23329.46,3874510000,0,0
2017-10-26,23380.89,23597.68,23273.69,23400.86,3869050000,0,0
2017-10-27,23419.16,23582.6,23215.54,23434.19,3887110000,0,0
2017-10-30,23405.75,23537.47,23190.48,23348.74,3658870000,0,0
2017-10-31,23369.22,23493.57,23230.93,23377.24,3827230000,0,0
2017-11-01,23442.9,23612.24,23304.47,23435.01,3813180000,0,0
2017-11-02,23463.24,23621.4,23276.89,23531.38,4048270000,0,0
2017-11-03,23549.59,23669.02,23389.84,23539.19,3567710000,0,0
2017-11-06,23533.96,23688.53,23407.33,23548.42,3539080000,0,0
2017-11-07,23574.03,23695.04,23399.86,23557.23,3809650000,0,0
2017-11-08,23542.6,23665.95,23415.0,23563.36,3899360000,0,0
2017-11-09,23492.09,23616.48,23248.29,23461.94,3831610000,0,0
2017-11-10,23432.71,23551.55,23289.63,23422.21,3486910000,0,0
2017-11-13,23367.47,23544.45,23269.93,23439.7,3402930000,0,0
2017-11-14,23388.4,23526.18,23211.68,23409.47,3641760000,0,0
2017-11-15,23334.59,23445.58,23130.3,23271.28,3558890000,0,0
2017-11-16,23365.34,23579.75,23298.89,23458.36,3312710000,0,0
2017-11-17,23433.77,23508.41,23258.23,23358.24,3300160000,0,0
2017-11-20,23370.71,23532.92,23294.24,23430.33,3003540000,0,0
2017-11-21,23500.15,23689.33,23457.32,23590.83,3332720000,0,0
2017-11-22,23597.24,23678.93,23458.73,23526.18,2762950000,0,0
2017-11-24,23552.75,23646.36,23484.76,23557.99,1349780000,0,0
2017-11-27,23552.86,23688.33,23477.57,23580.78,3006860000,0,0
2017-11-28,23625.19,23888.11,23533.27,23836.71,3488420000,0,0
2017-11-29,23883.26,24120.7,23688.71,23940.68,4078280000,0,0
2017-11-30,24013.8,24403.55,23905.26,24272.35,4938490000,0,0
2017-12-01,24305.4,24417.5,23892.79,24231.59,3942320000,0,0
2017-12-04,24424.11,24700.04,24161.74,24290.05,4023150000,0,0
2017-12-05,24335.01,24470.65,24078.04,24180.64,3539040000,0,0
2017-12-06,24171.9,24335.7,23996.9,24140.91,3229000000,0,0
2017-12-07,24116.6,24342.69,24000.79,24211.48,3292400000,0,0
2017-12-08,24263.26,24415.47,24147.62,24329.16,3106150000,0,0
2017-12-11,24338.11,24490.41,24201.5,24386.03,3091950000,0,0
2017-12-12,24452.96,24666.78,24341.38,24504.8,3555680000,0,0
2017-12-13,24525.19,24763.25,24408.55,24585.43,3542370000,0,0
2017-12-14,24631.01,24672.48,24508.66,24508.66,3430030000,0,0
2017-12-15,24585.71,24791.65,24492.48,24651.74,5723920000,0,0
2017-12-18,24739.56,24973.15,24669.16,24792.2,3724660000,0,0
2017-12-19,24834.38,24935.56,24635.21,24754.75,3368590000,0,0
2017-12-20,24838.09,24933.94,24635.32,24726.65,3241030000,0,0
2017-12-21,24778.26,24967.16,24635.52,24782.29,3273390000,0,0
2017-12-22,24764.04,24878.85,24618.41,24754.06,2399830000,0,0
2017-12-26,24715.84,24860.61,24641.14,24746.21,1968780000,0,0
2017-12-27,24766.52,24860.95,24671.74,24774.3,2202080000,0,0
2017-12-28,24807.21,24901.85,24729.0,24837.51,2153330000,0,0
2017-12-29,24849.63,24920.1,24697.67,24719.22,2443490000,0,0
2018-01-02,24809.35,24983.48,24632.8,24824.01,3367250000,0,0
2018-01-03,24850.45,25033.64,24719.46,24922.68,3538660000,0,0
2018-01-04,24964.86,25207.64,24889.36,25075.13,3695260000,0,0
2018-01-05,25114.92,25369.89,24995.64,25295.87,3236620000,0,0
2018-01-08,25308.4,25442.39,25114.06,25283.0,3242650000,0,0
2018-01-09,25312.05,25542.47,25204.88,25385.8,3453480000,0,0
2018-01-10,25348.13,25488.18,25186.94,25369.13,3576350000,0,0
2018-01-11,25398.6,25640.65,25300.46,25574.73,3641320000,0,0
2018-01-12,25638.39,25900.79,25575.63,25803.19,3573970000,0,0
2018-01-16,25987.62,26194.63,25649.23,25792.86,4325970000,0,0
2018-01-17,25910.78,26257.32,25731.07,26115.65,3778050000,0,0
2018-01-18,26149.55,26283.73,25872.98,26017.81,3681470000,0,0
2018-01-19,25987.35,26212.63,25823.06,26071.72,3639430000,0,0
2018-01-22,26025.32,26284.55,25884.92,26214.6,3471780000,0,0
2018-01-23,26214.87,26408.53,26008.93,26210.81,3519650000,0,0
2018-01-24,26282.07,26502.43,26075.44,26252.12,4014070000,0,0
2018-01-25,26313.06,26580.46,26124.19,26392.79,3835150000,0,0
2018-01-26,26466.74,26695.41,26297.33,26616.71,3443230000,0,0
2018-01-29,26584.28,26735.93,26329.62,26439.48,3573830000,0,0
2018-01-30,26198.45,26418.44,25842.41,26076.89,3990650000,0,0
2018-01-31,26268.17,26500.07,25977.02,26149.39,4261280000,0,0
2018-02-01,26083.04,26390.8,25888.5,26186.71,3938450000,0,0
2018-02-02,26033.92,26061.79,25490.66,25520.96,4301130000,0,0
2018-02-05,25337.87,25606.48,23696.52,24345.75,5283460000,0,0
2018-02-06,24085.17,25000.82,23651.63,24912.77,5891660000,0,0
2018-02-07,24892.87,25350.99,24681.55,24893.35,4626570000,0,0
2018-02-08,24902.3,24951.33,23837.05,23860.46,5305440000,0,0
2018-02-09,23992.67,24445.62,23320.92,24190.9,5680070000,0,0
2018-02-12,24337.76,24833.03,24217.1,24601.27,4055790000,0,0
2018-02-13,24540.33,24765.01,24333.22,24640.45,3472870000,0,0
2018-02-14,24535.82,24978.18,24399.94,24893.49,4003740000,0,0
2018-02-15,25047.82,25302.1,24789.76,25200.37,3684910000,0,0
2018-02-16,25165.94,25478.92,25036.02,25219.38,3637460000,0,0
2018-02-20,25124.91,25304.78,24833.38,24964.75,3627610000,0,0
2018-02-21,24988.06,25321.04,24750.1,24797.78,3779400000,0,0
2018-02-22,24855.41,25199.96,24763.35,24962.48,3701270000,0,0
2018-02-23,25050.51,25360.15,24949.26,25309.99,3189190000,0,0
2018-02-26,25403.35,25778.67,25337.29,25709.27,3424650000,0,0
2018-02-27,25735.78,25882.73,25387.31,25410.03,3745080000,0,0
2018-02-28,25485.15,25676.95,25011.51,25029.2,4230660000,0,0
2018-03-01,25024.04,25219.2,24411.71,24608.98,4503970000,0,0
2018-03-02,24394.91,24643.82,24117.19,24538.06,3882450000,0,0
2018-03-05,24471.31,24987.89,24306.57,24874.76,3710810000,0,0
2018-03-06,24965.89,25117.4,24667.44,24884.12,3370690000,0,0
2018-03-07,24884.12,24884.12,24324.26,24801.36,3393270000,0,0
2018-03-08,24853.41,25059.98,24627.5,24895.21,3212320000,0,0
2018-03-09,25004.89,25373.06,24935.63,25335.74,3364100000,0,0
2018-03-12,25372.44,25540.13,25077.64,25178.61,3185020000,0,0
2018-03-13,25257.75,25460.61,24905.81,25007.03,3301650000,0,0
2018-03-14,25086.97,25182.16,24613.25,24758.12,3391360000,0,0
2018-03-15,24837.29,25089.07,24649.5,24873.66,3500330000,0,0
2018-03-16,24877.34,25129.11,24766.9,24946.51,5372340000,0,0
2018-03-19,24893.69,24941.0,24415.47,24610.91,3302130000,0,0
2018-03-20,24650.64,24896.9,24553.69,24727.27,3261030000,0,0
2018-03-21,24723.49,25027.93,24551.63,24682.31,3415510000,0,0
2018-03-22,24526.01,24576.3,23916.55,23957.89,3739800000,0,0
2018-03-23,23995.18,24228.7,23487.93,23533.2,3815080000,0,0
2018-03-26,23834.56,24202.6,23578.86,24202.6,3511100000,0,0
2018-03-27,24276.62,24506.53,23688.4,23857.71,3706350000,0,0
2018-03-28,23883.08,24157.37,23616.55,23848.42,3864500000,0,0
2018-03-29,23949.18,24357.73,23805.35,24103.11,3565990000,0,0
2018-04-02,24076.6,24209.88,23329.2,23644.19,3598520000,0,0
2018-04-03,23698.33,24089.75,23569.91,24033.36,3392810000,0,0
2018-04-04,23654.15,24323.86,23446.34,24264.3,3350340000,0,0
2018-04-05,24313.91,24665.75,24257.34,24505.22,3178970000,0,0
2018-04-06,24373.6,24457.95,23733.36,23932.76,3299700000,0,0
2018-04-09,24037.52,24438.08,23882.29,23979.1,3062960000,0,0
2018-04-10,24198.95,24572.28,24178.12,24408.0,3543930000,0,0
2018-04-11,24274.19,24443.01,24070.26,24189.45,3020760000,0,0
2018-04-12,24302.82,24664.62,24261.58,24483.05,3021320000,0,0
2018-04-13,24582.82,24726.16,24221.26,24360.14,2960910000,0,0
2018-04-16,24483.15,24735.4,24385.79,24573.04,3019700000,0,0
2018-04-17,24681.79,25026.03,24605.47,24786.63,3234360000,0,0
2018-04-18,24820.85,24975.39,24584.81,24748.07,3383410000,0,0
2018-04-19,24711.3,24871.52,24469.79,24664.89,3349370000,0,0
2018-04-20,24657.39,24771.48,24328.54,24462.94,3388590000,0,0
2018-04-23,24488.07,24631.46,24275.52,24448.69,3017480000,0,0
2018-04-24,24579.94,24684.82,23796.02,24024.13,3706740000,0,0
2018-04-25,24070.2,24250.42,23715.22,24083.83,3499440000,0,0
2018-04-26,24128.72,24475.25,24010.57,24322.34,3665720000,0,0
2018-04-27,24342.14,24490.69,24109.55,24311.19,3219030000,0,0
2018-04-30,24410.41,24599.79,24088.51,24163.15,3734530000,0,0
2018-05-01,24117.29,24219.51,23739.42,24099.05,3559850000,0,0
2018-05-02,24097.63,24253.55,23820.36,23924.98,4010770000,0,0
2018-05-03,23836.23,24053.98,23486.21,23930.15,3851470000,0,0
2018-05-04,23865.22,24367.06,23746.55,24262.51,3327220000,0,0
2018-05-07,24317.66,24580.47,24196.83,24357.32,3237960000,0,0
2018-05-08,24341.35,24501.05,24137.43,24360.21,3717570000,0,0
2018-05-09,24399.18,24679.28,24246.08,24542.54,3909500000,0,0
2018-05-10,24591.66,24866.63,24506.77,24739.53,3333050000,0,0
2018-05-11,24758.64,24970.91,24631.0,24831.17,2862700000,0,0
2018-05-14,24879.37,25064.56,24786.08,24899.41,2972660000,0,0
2018-05-15,24809.55,24865.73,24550.99,24706.41,3290680000,0,0
2018-05-16,24722.32,24864.89,24591.66,24768.93,3202670000,0,0
2018-05-17,24752.4,24900.92,24567.32,24713.98,3475400000,0,0
2018-05-18,24707.72,24864.29,24566.95,24715.09,3368690000,0,0
2018-05-21,24883.06,25150.62,24837.13,25013.29,3019890000,0,0
2018-05-22,25047.55,25175.0,24777.5,24834.41,3366310000,0,0
2018-05-23,24757.71,24939.63,24556.07,24886.81,3326290000,0,0
2018-05-24,24877.36,24938.31,24579.2,24811.76,3256030000,0,0
2018-05-25,24781.29,24894.59,24618.72,24753.09,2995260000,0,0
2018-05-29,24606.59,24683.03,24205.95,24361.45,3736890000,0,0
2018-05-30,24467.83,24746.21,24404.35,24667.78,3561050000,0,0
2018-05-31,24620.79,24662.89,24317.45,24415.84,4235370000,0,0
2018-06-01,24542.09,24759.91,24477.3,24635.21,3684130000,0,0
2018-06-04,24727.55,24962.48,24656.83,24813.69,3376510000,0,0
2018-06-05,24820.12,24929.81,24653.43,24799.98,3517790000,0,0
2018-06-06,24854.14,25179.3,24783.15,25146.39,3651640000,0,0
2018-06-07,25192.14,25446.9,25036.43,25241.41,3711330000,0,0
2018-06-08,25209.29,25409.73,25073.89,25316.53,3123210000,0,0
2018-06-11,25336.67,25486.94,25202.2,25322.31,3232330000,0,0
2018-06-12,25346.82,25463.29,25170.52,25320.73,3401010000,0,0
2018-06-13,25328.65,25494.0,25122.22,25201.2,3779230000,0,0
2018-06-14,25254.65,25410.79,25058.19,25175.31,3526890000,0,0
2018-06-15,25116.71,25217.79,24820.98,25090.48,5428790000,0,0
2018-06-18,24944.28,25083.56,24732.61,24987.47,3287150000,0,0
2018-06-19,24763.59,24848.94,24480.64,24700.21,3661470000,0,0
2018-06-20,24771.17,24880.58,24543.33,24657.8,3327600000,0,0
2018-06-21,24639.21,24709.03,24338.05,24461.7,3300060000,0,0
2018-06-22,24526.97,24774.89,24430.2,24580.89,5450550000,0,0
2018-06-25,24463.73,24539.78,24030.19,24252.8,3655080000,0,0
2018-06-26,24281.89,24475.06,24146.34,24283.11,3555090000,0,0
2018-06-27,24303.11,24614.34,24083.86,24117.59,3776090000,0,0
2018-06-28,24064.19,24360.78,23920.48,24216.05,3428140000,0,0
2018-06-29,24323.93,24585.7,24199.1,24271.41,3565620000,0,0
2018-07-02,24161.53,24359.49,23967.78,24307.18,3073650000,0,0
2018-07-03,24359.39,24535.14,24122.68,24174.82,1911470000,0,0
2018-07-05,24285.82,24468.01,24134.71,24356.74,2953420000,0,0
2018-07-06,24352.47,24557.74,24223.47,24456.48,2554780000,0,0
2018-07-09,24519.2,24848.88,24502.8,24776.59,3050040000,0,0
2018-07-10,24806.97,25034.83,24748.52,24919.66,3063850000,0,0
2018-07-11,24789.48,24910.37,24575.82,24700.45,2964740000,0,0
2018-07-12,24802.9,25019.95,24741.37,24924.89,2821690000,0,0
2018-07-13,24926.07,25136.74,24784.63,25019.41,2614000000,0,0
2018-07-16,25025.58,25180.95,24875.05,25064.36,2812230000,0,0
2018-07-17,25033.92,25263.34,24888.3,25119.89,3050730000,0,0
2018-07-18,25133.79,25341.41,24977.4,25199.29,3089780000,0,0
2018-07-19,25139.15,25287.37,24932.93,25064.5,3266700000,0,0
2018-07-20,25041.14,25194.07,24881.26,25058.12,3230210000,0,0
2018-07-23,25036.9,25175.8,24885.86,25044.29,2907430000,0,0
2018-07-24,25092.43,25406.54,24966.07,25241.94,3417530000,0,0
2018-07-25,25183.7,25467.06,25017.75,25414.1,3553010000,0,0
2018-07-26,25468.55,25719.7,25332.4,25527.07,3653330000,0,0
2018-07-27,25520.52,25725.06,25270.79,25451.06,3415710000,0,0
2018-07-30,25439.32,25640.67,25156.98,25306.83,3245770000,0,0
2018-07-31,25345.21,25610.67,25226.95,25415.19,3892100000,0,0
2018-08-01,25461.63,25578.53,25206.14,25333.82,3496990000,0,0
2018-08-02,25256.45,25427.19,25014.63,25326.16,3467380000,0,0
2018-08-03,25360.37,25546.32,25213.8,25462.58,3030390000,0,0
2018-08-06,25437.43,25591.14,25299.44,25502.18,2874540000,0,0
2018-08-07,25551.65,25766.55,25481.03,25628.91,3162770000,0,0
2018-08-08,25615.72,25747.32,25450.99,25583.75,2972200000,0,0
2018-08-09,25589.79,25721.54,25413.06,25509.23,3047050000,0,0
2018-08-10,25401.19,25459.77,25154.58,25313.14,3256040000,0,0
2018-08-13,25327.19,25450.98,25118.4,25187.7,3158450000,0,0
2018-08-14,25215.69,25428.75,25118.71,25299.92,2976970000,0,0
2018-08-15,25235.37,25325.04,24890.61,25162.41,3645070000,0,0
2018-08-16,25294.97,25670.81,25294.97,25558.73,3219880000,0,0
2018-08-17,25550.8,25774.96,25428.7,25669.32,3024100000,0,0
2018-08-20,25727.7,25905.59,25601.76,25758.69,2748020000,0,0
2018-08-21,25786.99,25975.12,25675.42,25822.29,3147140000,0,0
2018-08-22,25825.06,25950.75,25642.37,25733.6,2689560000,0,0
2018-08-23,25714.86,25809.95,25543.61,25656.98,2713910000,0,0
2018-08-24,25688.58,25885.79,25635.28,25790.35,2596190000,0,0
2018-08-27,25882.71,26146.73,25831.61,26049.64,2854080000,0,0
2018-08-28,26092.7,26220.75,25967.67,26064.02,2683190000,0,0
2018-08-29,26082.53,26222.58,25955.94,26124.57,2791860000,0,0
2018-08-30,26099.01,26191.97,25891.28,25986.92,2802180000,0,0
2018-08-31,25964.85,26076.59,25817.74,25964.82,2880260000,0,0
2018-09-04,25916.07,26063.78,25711.63,25952.48,3077060000,0,0
2018-09-05,25919.84,26139.04,25726.92,25974.99,3241250000,0,0
2018-09-06,25973.02,26181.42,25795.85,25995.87,3139590000,0,0
2018-09-07,25951.02,26081.0,25728.38,25916.54,2946270000,0,0
2018-09-10,25991.91,26159.15,25762.08,25857.07,2731400000,0,0
2018-09-11,25841.14,26082.19,25660.2,25971.06,2899660000,0,0
2018-09-12,25989.07,26247.54,25780.15,25998.92,3264930000,0,0
2018-09-13,26083.94,26296.93,25953.49,26145.99,3254930000,0,0
2018-09-14,26169.56,26335.68,25988.69,26154.67,3149800000,0,0
2018-09-17,26151.66,26296.25,25948.0,26062.12,2947760000,0,0
2018-09-18,26076.21,26376.17,25979.57,26246.96,3074610000,0,0
2018-09-19,26287.84,26574.55,26175.87,26405.76,3280020000,0,0
2018-09-20,26519.39,26807.13,26461.09,26656.98,3337730000,0,0
2018-09-21,26726.25,26901.55,26566.76,26743.5,5607610000,0,0
2018-09-24,26705.25,26820.62,26421.89,26562.05,3372210000,0,0
2018-09-25,26601.58,26733.87,26396.37,26492.21,3285480000,0,0
2018-09-26,26536.86,26684.27,26308.73,26385.28,3388620000,0,0
2018-09-27,26385.28,26620.03,26306.35,26439.93,3060850000,0,0
2018-09-28,26407.66,26590.29,26276.79,26458.31,3432300000,0,0
2018-10-01,26598.36,26836.08,26491.77,26651.21,3364190000,0,0
2018-10-02,26648.91,26902.05,26507.6,26773.94,3401880000,0,0
2018-10-03,26833.47,27064.11,26697.42,26828.39,3598710000,0,0
2018-10-04,26784.08,26890.17,26411.28,26627.48,3496860000,0,0
2018-10-05,26632.77,26761.97,26263.98,26447.05,3328980000,0,0
2018-10-08,26399.45,26595.92,26130.57,26486.78,3330320000,0,0
2018-10-09,26469.19,26653.89,26220.89,26430.57,3520500000,0,0
2018-10-10,26441.73,26441.73,25593.65,25598.74,4501250000,0,0
2018-10-11,25518.39,25796.12,24883.32,25052.83,4890630000,0,0
2018-10-12,25407.63,25625.38,24944.82,25339.99,3966040000,0,0
2018-10-15,25332.46,25551.47,25126.67,25250.55,3300140000,0,0
2018-10-16,25351.53,25851.51,25303.41,25798.42,3428340000,0,0
2018-10-17,25705.87,25924.2,25399.79,25706.68,3321710000,0,0
2018-10-18,25645.56,25924.2,25399.79,25706.68,3616440000,0,0
2018-10-19,25421.09,25712.31,25241.43,25444.34,3566490000,0,0
2018-10-22,25492.14,25663.35,25155.97,25317.41,3307140000,0,0
2018-10-23,25038.46,25307.7,24768.79,25191.43,4348580000,0,0
2018-10-24,25172.88,25453.9,24468.32,24583.42,4709310000,0,0
2018-10-25,24740.42,25172.85,24483.27,24984.55,4634770000,0,0
2018-10-26,24770.25,25008.05,24380.54,24688.31,4803150000,0,0
2018-10-29,24818.98,25136.47,24108.68,24442.92,4673700000,0,0
2018-10-30,24482.04,24998.01,24245.27,24874.64,5106380000,0,0
2018-10-31,25008.82,25443.43,24926.28,25115.76,5112420000,0,0
2018-11-01,25142.08,25531.27,25108.11,25380.74,4708420000,0,0
2018-11-02,25443.6,25694.24,25023.06,25270.83,4237930000,0,0
2018-11-05,25261.47,25599.65,25146.07,25461.7,3623320000,0,0
2018-11-06,25452.83,25725.13,25341.99,25635.01,3510860000,0,0
2018-11-07,25788.46,26241.02,25629.32,26180.3,3914750000,0,0
2018-11-08,26139.59,26371.11,25963.12,26191.22,3630490000,0,0
2018-11-09,26149.11,26268.04,25780.79,25989.3,4019090000,0,0
2018-11-12,25959.33,26057.0,25312.77,25387.18,3670930000,0,0
2018-11-13,25321.21,25655.39,25063.11,25286.49,4091440000,0,0
2018-11-14,25388.08,25593.62,24918.34,25080.5,4402370000,0,0
2018-11-15,25061.48,25418.0,24717.26,25289.27,4179140000,0,0
2018-11-16,25242.35,25585.07,25036.49,25413.22,3975180000,0,0
2018-11-19,25392.61,25512.59,24838.16,25017.44,3772900000,0,0
2018-11-20,24618.68,24900.92,24158.24,24465.64,4357900000,0,0
2018-11-21,24541.65,24833.38,24362.24,24464.69,3233550000,0,0
2018-11-23,24336.4,24525.04,24139.43,24285.95,1651650000,0,0
2018-11-26,24364.13,24796.43,24331.72,24640.24,3443950000,0,0
2018-11-27,24557.02,24820.33,24334.98,24748.73,3485220000,0,0
2018-11-28,24832.84,25416.75,24716.11,25366.43,3951670000,0,0
2018-11-29,25343.65,25548.77,25103.32,25338.84,3560770000,0,0
2018-11-30,25307.14,25627.04,25109.28,25538.46,4658580000,0,0
2018-12-03,25779.57,26122.91,25588.87,25826.43,4186060000,0,0
2018-12-04,25752.56,25876.26,24957.02,25027.07,4499840000,0,0
2018-12-06,24737.42,25001.74,24196.53,24947.67,5141470000,0,0
2018-12-07,24918.82,25150.03,24271.1,24388.95,4216690000,0,0
2018-12-10,24360.95,24572.97,23840.74,24423.26,4151030000,0,0
2018-12-11,24719.91,24910.65,24199.1,24370.24,3905870000,0,0
2018-12-12,24509.09,24889.46,24447.64,24527.27,3958890000,0,0
2018-12-13,24575.86,24801.04,24395.83,24597.38,3927720000,0,0
2018-12-14,24408.04,24534.8,23945.84,24100.51,4035020000,0,0
2018-12-17,23986.83,24180.35,23443.67,23592.98,4616350000,0,0
2018-12-18,23769.13,24058.03,23467.03,23675.64,4470880000,0,0
2018-12-19,23693.33,24107.49,23144.65,23323.66,5127940000,0,0
2018-12-20,23224.12,23417.32,22617.53,22859.6,5585780000,0,0
2018-12-21,22871.74,23285.76,22356.62,22445.37,7609010000,0,0
2018-12-24,22317.28,22438.76,21751.59,21792.2,2613930000,0,0
2018-12-26,21857.73,22887.06,21668.53,22878.45,4233990000,0,0
2018-12-27,22629.06,23144.72,22233.45,23138.82,4096610000,0,0
2018-12-28,23213.61,23426.17,22928.18,23062.4,3702620000,0,0
2018-12-31,23153.94,23441.81,23068.03,23327.46,3442870000,0,0
2019-01-02,23058.61,23454.76,22818.94,23346.24,3733160000,0,0
2019-01-03,23176.39,23199.44,22599.5,22686.22,3822860000,0,0
2019-01-04,22894.92,23551.32,22894.92,23433.16,4213410000,0,0
2019-01-07,23474.26,23725.87,23252.97,23531.35,4104710000,0,0
2019-01-08,23680.32,23985.71,23510.7,23787.45,4083030000,0,0
2019-01-09,23844.27,24084.71,23703.16,23879.12,4052480000,0,0
2019-01-10,23811.11,24068.07,23612.95,24001.92,3704500000,0,0
2019-01-11,23940.01,24069.89,23727.85,23995.95,3434490000,0,0
2019-01-14,23880.53,24039.28,23691.13,23909.84,3664450000,0,0
2019-01-15,23914.11,24187.2,23732.59,24065.59,3572330000,0,0
2019-01-16,24139.91,24393.21,24016.5,24207.16,3863770000,0,0
2019-01-17,24147.09,24508.22,23986.12,24370.1,3772270000,0,0
2019-01-18,24534.19,24805.89,24381.9,24706.35,3986730000,0,0
2019-01-22,24607.76,24701.33,24206.15,24404.48,3908030000,0,0
2019-01-23,24577.25,24779.79,24283.82,24575.62,3335610000,0,0
2019-01-24,24579.96,24741.03,24328.74,24553.24,3433250000,0,0
2019-01-25,24687.21,24948.58,24546.63,24737.2,3814080000,0,0
2019-01-28,24596.98,24606.17,24260.09,24528.22,3612810000,0,0
2019-01-29,24519.62,24779.0,24398.34,24579.96,3504200000,0,0
2019-01-30,24826.52,25201.63,24625.52,25014.86,3867810000,0,0
2019-01-31,24954.48,25198.18,24704.11,24999.67,4917650000,0,0
2019-02-01,25025.31,25301.04,24860.06,25063.89,3759270000,0,0
2019-02-04,25062.12,25283.78,24865.5,25239.37,3359840000,0,0
2019-02-05,25287.93,25540.9,25191.73,25411.52,3560430000,0,0
2019-02-06,25371.57,25552.83,25208.12,25390.3,3472690000,0,0
2019-02-07,25265.81,25359.93,24954.21,25169.53,4099490000,0,0
2019-02-08,25042.36,25197.94,24812.09,25106.33,3622330000,0,0
2019-02-11,25142.81,25272.15,24956.55,25053.11,3361970000,0,0
2019-02-12,25152.03,25507.52,25134.88,25425.76,3827770000,0,0
2019-02-13,25480.86,25708.58,25403.96,25543.27,3670770000,0,0
2019-02-14,25460.65,25607.2,25243.44,25439.39,3836700000,0,0
2019-02-15,25564.63,25932.28,25563.14,25883.25,3641370000,0,0
2019-02-19,25849.85,26030.15,25729.7,25891.32,3533710000,0,0
2019-02-20,25872.26,26070.59,25758.8,25954.44,3835450000,0,0
2019-02-21,25922.41,26053.37,25683.15,25850.63,3559710000,0,0
2019-02-22,25906.27,26123.25,25829.44,26031.81,3427810000,0,0
2019-02-25,26126.15,26335.65,26022.66,26091.95,3804380000,0,0
2019-02-26,26051.61,26208.21,25872.5,26057.98,3645680000,0,0
2019-02-27,25995.6,26172.47,25787.81,25985.16,3767130000,0,0
2019-02-28,25984.28,26136.74,25773.67,25916.0,4396930000,0,0
2019-03-01,26019.67,26259.43,25858.53,26026.32,3972280000,0,0
2019-03-04,26122.19,26248.01,25579.48,25819.65,3919810000,0,0
2019-03-05,25829.07,25968.31,25648.3,25806.63,3585690000,0,0
2019-03-06,25818.76,25930.88,25573.65,25673.46,3786600000,0,0
2019-03-07,25645.45,25688.07,25295.81,25473.23,3904860000,0,0
2019-03-08,25347.38,25539.17,25117.42,25450.24,3423130000,0,0
2019-03-11,25208.0,25739.94,25121.6,25650.88,3749030000,0,0
2019-03-12,25600.3,25804.46,25391.42,25554.66,3414230000,0,0
2019-03-13,25637.23,25858.33,25459.26,25702.89,3766150000,0,0
2019-03-14,25692.31,25852.29,25565.42,25709.94,3469730000,0,0
2019-03-15,25720.96,26025.77,25564.37,25848.87,5962730000,0,0
2019-03-18,25801.88,26007.67,25672.51,25914.1,3552190000,0,0
2019-03-19,25987.87,26189.97,25772.86,25887.38,3620220000,0,0
2019-03-20,25867.79,26048.23,25572.39,25745.67,3771200000,0,0
2019-03-21,25688.44,26081.07,25599.01,25962.51,3546800000,0,0
2019-03-22,25844.65,25967.73,25402.54,25502.32,4237200000,0,0
2019-03-25,25490.72,25698.44,25262.15,25516.83,3376580000,0,0
2019-03-26,25649.56,25899.01,25460.34,25657.73,3266050000,0,0
2019-03-27,25676.34,25846.26,25400.07,25625.59,3372930000,0,0
2019-03-28,25693.32,25822.53,25535.03,25717.46,3158170000,0,0
2019-03-29,25827.31,26018.21,25686.65,25928.68,3740700000,0,0
2019-04-01,26075.1,26383.92,25948.75,26258.42,3500760000,0,0
2019-04-02,26213.55,26350.28,26023.99,26179.13,3246900000,0,0
2019-04-03,26238.03,26398.3,26052.27,26218.13,3550240000,0,0
2019-04-04,26213.42,26508.07,26103.34,26384.63,3015180000,0,0
2019-04-05,26427.56,26583.18,26288.97,26424.99,3146820000,0,0
2019-04-08,26312.67,26447.94,26129.69,26341.02,3054030000,0,0
2019-04-09,26243.54,26314.54,26012.56,26150.58,3007980000,0,0
2019-04-10,26173.71,26298.94,25993.17,26157.16,3062380000,0,0
2019-04-11,26188.21,26349.02,25942.03,26143.05,2938540000,0,0
2019-04-12,26357.79,26607.09,26123.42,26412.3,3688490000,0,0
2019-04-15,26407.76,26548.59,26207.55,26384.77,3088330000,0,0
2019-04-16,26482.19,26727.74,26226.37,26452.66,3402210000,0,0
2019-04-17,26468.53,26728.18,26183.13,26449.54,3602300000,0,0
2019-04-18,26463.37,26737.91,26322.13,26559.54,3506850000,0,0
2019-04-22,26510.77,26670.17,26336.76,26511.05,2997950000,0,0
2019-04-23,26513.83,26786.37,26389.92,26656.39,3635030000,0,0
2019-04-24,26652.56,26822.76,26437.46,26597.05,3448960000,0,0
2019-04-25,26426.37,26684.81,26179.91,26462.08,3425280000,0,0
2019-04-26,26454.62,26647.91,26254.29,26543.33,3248500000,0,0
2019-04-29,26559.87,26745.17,26380.94,26554.39,3118780000,0,0
2019-04-30,26594.56,26779.49,26312.06,26592.91,3919330000,0,0
2019-05-01,26639.06,26828.32,26364.69,26430.14,3645850000,0,0
2019-05-02,26407.15,26550.15,26116.36,26307.79,3778890000,0,0
2019-05-03,26379.14,26624.82,26281.9,26504.95,3338120000,0,0
2019-05-06,26160.62,26508.37,25960.0,26438.48,3181520000,0,0
2019-05-07,26276.9,26276.9,25764.84,25965.09,3767100000,0,0
2019-05-08,25933.79,26181.57,25787.36,25967.33,3485790000,0,0
2019-05-09,25878.85,25884.89,25517.39,25828.36,3638820000,0,0
2019-05-10,25763.72,26032.4,25430.01,25942.37,3529600000,0,0
2019-05-13,25568.06,25620.15,25164.7,25324.99,3894030000,0,0
2019-05-14,25384.03,25755.21,25301.86,25532.05,3322720000,0,0
2019-05-15,25400.13,25776.1,25272.7,25648.02,3125950000,0,0
2019-05-16,25692.14,26086.62,25623.67,25862.68,3338060000,0,0
2019-05-17,25719.95,26000.39,25564.8,25764.0,3257950000,0,0
2019-05-20,25655.31,25842.77,25480.64,25679.9,3288870000,0,0
2019-05-21,25782.34,25995.67,25660.29,25877.33,3218700000,0,0
2019-05-22,25818.46,25878.21,25755.11,25776.61,3192510000,0,0
2019-05-23,25657.99,25657.99,25328.09,25490.47,3891980000,0,0
2019-05-24,25551.07,25776.24,25429.4,25585.69,2887390000,0,0
2019-05-28,25616.55,25717.63,25342.28,25347.77,4121410000,0,0
2019-05-29,25231.46,25231.46,24938.24,25126.41,3700050000,0,0
2019-05-30,25139.94,25218.54,25066.75,25169.88,3273790000,0,0
2019-05-31,25046.31,25046.31,24809.51,24815.04,3981020000,0,0
2019-06-03,24830.2,24935.21,24680.57,24819.78,3943810000,0,0
2019-06-04,24962.82,25343.77,24962.82,25332.18,3810430000,0,0
2019-06-05,25451.0,25544.66,25373.58,25539.57,3548830000,0,0
2019-06-06,25567.45,25800.3,25518.05,25720.66,3396410000,0,0
2019-06-07,25768.72,26072.75,25768.72,25983.94,3220250000,0,0
2019-06-10,26090.22,26210.61,26054.31,26062.68,3209210000,0,0
2019-06-11,26180.59,26248.67,25998.87,26048.51,3548420000,0,0
2019-06-12,26040.3,26082.1,25958.66,26004.83,3034130000,0,0
2019-06-13,26036.94,26146.91,25995.71,26106.77,3069810000,0,0
2019-06-14,26076.36,26162.28,25988.09,26089.61,2922330000,0,0
2019-06-17,26108.5,26165.78,26049.8,26112.53,2810140000,0,0
2019-06-18,26228.9,26527.19,26227.8,26465.54,3437620000,0,0
2019-06-19,26490.16,26569.75,26415.05,26504.0,3287890000,0,0
2019-06-20,26665.38,26798.63,26539.69,26753.17,3905940000,0,0
2019-06-21,26749.12,26907.37,26705.87,26719.13,5000120000,0,0
2019-06-24,26727.61,26806.52,26723.37,26727.54,3136250000,0,0
2019-06-25,26731.61,26752.31,26527.66,26548.22,3578050000,0,0
2019-06-26,26599.42,26660.04,26536.33,26536.82,3478130000,0,0
2019-06-27,26523.72,26607.24,26465.32,26526.58,3122920000,0,0
2019-06-28,26605.93,26638.35,26522.27,26599.96,5420700000,0,0
2019-07-01,26805.86,26890.64,26616.21,26717.43,3513270000,0,0
2019-07-02,26719.53,26787.56,26632.65,26786.68,3206840000,0,0
2019-07-03,26832.32,26966.0,26831.44,26966.0,1963720000,0,0
2019-07-05,26867.75,26950.81,26733.33,26922.12,2434210000,0,0
2019-07-08,26835.64,26839.14,26744.87,26806.14,2904550000,0,0
2019-07-09,26725.12,26807.7,26665.57,26783.49,3028210000,0,0
2019-07-10,26851.96,26983.45,26813.11,26860.2,3154240000,0,0
2019-07-11,26950.16,27088.45,26916.32,27088.08,3154620000,0,0
2019-07-12,27139.49,27333.79,27135.45,27332.03,2974960000,0,0
2019-07-15,27364.69,27364.69,27294.17,27359.16,2874970000,0,0
2019-07-16,27349.32,27398.68,27290.24,27335.63,3290650000,0,0
2019-07-17,27320.91,27343.06,27218.38,27219.85,3181600000,0,0
2019-07-18,27191.98,27266.81,27068.79,27222.97,3296580000,0,0
2019-07-19,27246.38,27342.96,27145.78,27154.2,3260360000,0,0
2019-07-22,27174.18,27227.77,27088.9,27171.9,3003720000,0,0
2019-07-23,27231.86,27368.81,27204.58,27349.19,3313660000,0,0
2019-07-24,27262.24,27291.04,27191.12,27269.97,3428980000,0,0
2019-07-25,27247.39,27298.43,27062.48,27140.98,3645270000,0,0
2019-07-26,27166.0,27213.7,27123.25,27192.45,3257590000,0,0
2019-07-29,27192.24,27275.85,27178.06,27221.35,3203710000,0,0
2019-07-30,27145.39,27224.36,27069.86,27198.02,3634330000,0,0
2019-07-31,27244.67,27281.65,26719.6,26864.27,4623430000,0,0
2019-08-01,26879.86,27175.59,26548.71,26583.42,4762300000,0,0
2019-08-02,26528.66,26570.02,26249.22,26485.01,3874660000,0,0
2019-08-05,26259.23,26259.23,25523.38,25717.74,4513730000,0,0
2019-08-06,25810.62,26038.68,25710.87,26029.52,4154240000,0,0
2019-08-07,25814.22,26073.21,25440.39,26007.07,4491750000,0,0
2019-08-08,26086.52,26383.61,26038.1,26378.19,4106370000,0,0
2019-08-09,26337.09,26413.36,26097.64,26287.44,3350640000,0,0
2019-08-12,26169.91,26178.95,25824.94,25896.44,2851630000,0,0
2019-08-13,25888.88,26426.97,25833.25,26279.91,3853600000,0,0
2019-08-14,26035.08,26035.08,25471.59,25479.42,4312530000,0,0
2019-08-15,25514.25,25639.69,25339.6,25579.39,4038000000,0,0
2019-08-16,25678.17,25929.65,25678.17,25886.01,3498150000,0,0
2019-08-19,26020.06,26222.32,26020.06,26135.79,3212880000,0,0
2019-08-20,26086.86,26160.12,25952.0,25962.44,3066300000,0,0
2019-08-21,26145.36,26268.32,26141.77,26202.73,3011190000,0,0
2019-08-22,26271.64,26388.78,26099.01,26252.24,2890880000,0,0
2019-08-23,26134.21,26320.29,25507.18,25628.9,3937300000,0,0
2019-08-26,25826.05,25941.25,25716.39,25898.83,2857600000,0,0
2019-08-27,26014.46,26054.02,25721.85,25777.9,3533630000,0,0
2019-08-28,25712.99,26041.57,25637.43,26036.1,3097420000,0,0
2019-08-29,26249.09,26408.84,26185.71,26362.25,3176190000,0,0
2019-08-30,26476.39,26514.62,26295.59,26403.28,3008450000,0,0
2019-09-03,26198.26,26198.26,25978.22,26118.02,3426790000,0,0
2019-09-04,26301.99,26362.35,26244.44,26355.47,3163260000,0,0
2019-09-05,26603.15,26836.3,26603.15,26728.15,3890700000,0,0
2019-09-06,26790.25,26860.87,26708.39,26797.46,3208280000,0,0
2019-09-09,26866.23,26900.83,26762.18,26835.51,4002890000,0,0
2019-09-10,26805.83,26909.43,26717.05,26909.43,4390770000,0,0
2019-09-11,26928.05,27137.04,26885.48,27137.04,3927550000,0,0
2019-09-12,27197.32,27306.73,27105.01,27182.45,3791860000,0,0
2019-09-13,27216.67,27277.55,27193.95,27219.52,3520060000,0,0
2019-09-16,27146.06,27172.87,27032.56,27076.82,4274640000,0,0
2019-09-17,27010.12,27110.8,26984.14,27110.8,3671840000,0,0
2019-09-18,27075.39,27161.93,26899.15,27147.08,3435540000,0,0
2019-09-19,27186.05,27272.17,27064.21,27094.79,3251290000,0,0
2019-09-20,27102.18,27194.75,26926.68,26935.07,6094740000,0,0
2019-09-23,26851.45,27011.07,26831.34,26949.99,3186590000,0,0
2019-09-24,27034.07,27079.68,26704.96,26807.77,3868160000,0,0
2019-09-25,26866.71,27016.56,26755.86,26970.71,3318870000,0,0
2019-09-26,27004.11,27015.07,26803.84,26891.12,3077240000,0,0
2019-09-27,26987.26,27012.54,26715.82,26820.25,3243650000,0,0
2019-09-30,26852.33,26998.86,26852.33,26916.83,3247610000,0,0
2019-10-01,26962.54,27046.21,26562.22,26573.04,3558040000,0,0
2019-10-02,26425.86,26438.04,25974.12,26078.62,3912520000,0,0
2019-10-03,26039.02,26205.2,25743.46,26201.04,3503640000,0,0
2019-10-04,26271.7,26590.74,26271.7,26573.72,2990830000,0,0
2019-10-07,26502.33,26655.84,26424.54,26478.02,2940140000,0,0
2019-10-08,26276.59,26421.81,26139.8,26164.04,3356450000,0,0
2019-10-09,26308.23,26424.31,26249.75,26346.01,2726820000,0,0
2019-10-10,26317.35,26603.31,26314.51,26496.67,3217250000,0,0
2019-10-11,26694.2,27013.97,26694.2,26816.59,3580460000,0,0
2019-10-14,26766.43,26874.33,26749.18,26787.36,2557020000,0,0
2019-10-15,26811.2,27120.11,26811.2,27024.8,3340740000,0,0
2019-10-16,26972.31,27058.34,26943.29,27001.98,3222570000,0,0
2019-10-17,27032.38,27112.16,26970.29,27025.88,3115960000,0,0
2019-10-18,27004.49,27018.25,26770.13,26770.2,3264290000,0,0
2019-10-21,26852.67,26852.67,26747.62,26827.64,3271620000,0,0
2019-10-22,26850.43,26946.64,26782.61,26788.1,3523890000,0,0
2019-10-23,26835.24,26896.89,26745.0,26833.95,3392870000,0,0
2019-10-24,26893.93,26931.78,26714.34,26805.53,3692600000,0,0
2019-10-25,26789.61,27015.37,26765.68,26958.06,3370370000,0,0
2019-10-28,27040.33,27167.88,27028.71,27090.72,3521230000,0,0
2019-10-29,27061.07,27165.94,27039.76,27071.46,3589930000,0,0
2019-10-30,27110.71,27204.36,26999.64,27186.69,3776030000,0,0
2019-10-31,27188.37,27188.37,26918.29,27046.23,4139280000,0,0
2019-11-01,27142.95,27347.43,27142.95,27347.36,3930200000,0,0
2019-11-04,27402.06,27517.58,27402.06,27462.11,4146850000,0,0
2019-11-05,27500.23,27560.36,27453.55,27492.63,4486130000,0,0
2019-11-06,27502.74,27526.05,27407.81,27492.56,4458190000,0,0
2019-11-07,27590.16,27774.67,27590.16,27674.8,4144640000,0,0
2019-11-08,27686.2,27694.95,27578.97,27681.24,3499150000,0,0
2019-11-11,27580.66,27714.39,27517.67,27691.49,3035530000,0,0
2019-11-12,27701.59,27770.86,27635.32,27691.49,3466010000,0,0
2019-11-13,27622.04,27806.4,27587.2,27783.59,3509280000,0,0
2019-11-14,27757.2,27800.71,27676.97,27781.96,3276070000,0,0
2019-11-15,27843.54,28004.89,27843.54,28004.89,3335650000,0,0
2019-11-18,27993.22,28040.97,27969.24,28036.22,3436690000,0,0
2019-11-19,28079.76,28090.21,27894.52,27934.02,3590070000,0,0
2019-11-20,27879.55,27897.28,27675.28,27821.09,4034890000,0,0
2019-11-21,27820.28,27828.33,27708.34,27766.29,3720560000,0,0
2019-11-22,27831.23,27898.46,27773.98,27875.62,3226780000,0,0
2019-11-25,27917.77,28068.69,27917.77,28066.47,3511530000,0,0
2019-11-26,28080.75,28146.02,28042.21,28121.68,4595590000,0,0
2019-11-27,28156.47,28174.97,28075.23,28164.0,3033090000,0,0
2019-11-29,28103.16,28119.51,28042.53,28051.41,1743020000,0,0
2019-12-02,28109.74,28109.84,27782.35,27783.04,3268740000,0,0
2019-12-03,27501.98,27524.74,27325.13,27502.81,3653390000,0,0
2019-12-04,27634.63,27727.45,27612.08,27649.78,3695030000,0,0
2019-12-05,27736.05,27745.2,27562.8,27677.79,3355750000,0,0
2019-12-06,27839.68,28035.85,27839.68,28015.06,3479480000,0,0
2019-12-09,27987.05,28010.42,27906.14,27909.6,3345990000,0,0
2019-12-10,27900.65,27949.02,27804.0,27881.72,3343790000,0,0
2019-12-11,27867.31,27925.5,27801.8,27911.3,3252540000,0,0
2019-12-12,27898.34,28224.95,27859.87,28132.05,3990690000,0,0
2019-12-13,28123.64,28290.73,28028.32,28135.38,3736870000,0,0
2019-12-16,28191.67,28337.49,28191.67,28235.89,4051790000,0,0
2019-12-17,28221.75,28328.63,28220.56,28267.16,3837540000,0,0
2019-12-18,28291.44,28323.25,28239.28,28239.28,4014080000,0,0
2019-12-19,28278.31,28381.48,28278.24,28376.96,3720450000,0,0
2019-12-20,28608.64,28608.64,28445.6,28455.09,6454270000,0,0
2019-12-23,28491.78,28582.49,28491.78,28551.53,3060610000,0,0
2019-12-24,28572.57,28576.8,28503.21,28515.45,1296540000,0,0
2019-12-26,28539.46,28624.1,28535.15,28621.39,2160680000,0,0
2019-12-27,28675.34,28701.66,28608.98,28645.26,2428670000,0,0
2019-12-30,28654.76,28664.69,28428.98,28462.14,3013290000,0,0
2019-12-31,28414.64,28547.35,28376.49,28538.44,2893810000,0,0
2020-01-02,28638.97,28872.8,28627.77,28868.8,3458250000,0,0
2020-01-03,28553.33,28716.31,28500.36,28634.88,3461290000,0,0
2020-01-06,28465.5,28708.02,28418.63,28703.38,3674070000,0,0
2020-01-07,28639.18,28685.5,28565.28,28583.68,3420380000,0,0
2020-01-08,28556.14,28866.18,28522.51,28745.09,3720890000,0,0
2020-01-09,28851.97,28988.01,28844.31,28956.9,3638390000,0,0
2020-01-10,28977.52,29009.07,28789.1,28823.77,3212970000,0,0
2020-01-13,28869.01,28909.91,28819.43,28907.05,3456380000,0,0
2020-01-14,28895.5,29054.16,28872.27,28939.67,3665130000,0,0
2020-01-15,28901.8,29127.59,28897.35,29030.22,3716840000,0,0
2020-01-16,29131.95,29300.32,29131.95,29297.64,3535080000,0,0
2020-01-17,29313.31,29373.62,29289.91,29348.1,3698170000,0,0
2020-01-21,29269.05,29341.21,29146.47,29196.04,4105340000,0,0
2020-01-22,29263.63,29320.2,29172.26,29186.27,3619850000,0,0
2020-01-23,29111.02,29190.47,28966.98,29160.09,3764860000,0,0
2020-01-24,29230.39,29288.79,28843.31,28989.73,3707130000,0,0
2020-01-27,28542.49,28671.79,28440.47,28535.8,3823100000,0,0
2020-01-28,28594.28,28823.23,28575.75,28722.85,3526720000,0,0
2020-01-29,28820.53,28944.24,28728.19,28734.45,3584500000,0,0
2020-01-30,28640.16,28879.71,28489.76,28859.44,3787250000,0,0
2020-01-31,28813.04,28813.04,28169.53,28256.03,4527830000,0,0
2020-02-03,28319.65,28630.39,28319.65,28399.81,3757910000,0,0
2020-02-04,28696.74,28904.88,28696.74,28807.63,3995320000,0,0
2020-02-05,29048.73,29308.89,29000.85,29290.85,4117730000,0,0
2020-02-06,29388.58,29408.05,29246.93,29379.77,3868370000,0,0
2020-02-07,29286.92,29286.92,29056.98,29102.51,3730650000,0,0
2020-02-10,28995.66,29278.07,28995.66,29276.82,3450350000,0,0
2020-02-11,29390.71,29415.39,29210.47,29276.34,3760550000,0,0
2020-02-12,29406.75,29568.57,29406.75,29551.42,3926380000,0,0
2020-02-13,29436.03,29535.4,29345.93,29423.31,3498240000,0,0
2020-02-14,29440.47,29463.04,29283.18,29398.08,3398040000,0,0
2020-02-18,29282.78,29330.16,29116.81,29232.19,3746720000,0,0
2020-02-19,29312.7,29409.09,29274.38,29348.03,3600150000,0,0
2020-02-20,29296.25,29368.45,28959.65,29219.98,4007320000,0,0
2020-02-21,29146.53,29146.53,28892.7,28992.41,3899270000,0,0
2020-02-24,28402.93,28402.93,27912.44,27960.8,4842960000,0,0
2020-02-25,28037.65,28149.2,26997.62,27081.36,5591510000,0,0
2020-02-26,27159.46,27542.78,26890.97,26957.59,5478110000,0,0
2020-02-27,26526.0,26775.31,25752.82,25766.64,66498130000,0,0
2020-02-28,25270.83,25494.24,24681.01,25409.36,8563850000,0,0
2020-03-02,25590.51,26706.17,25391.96,26703.32,6376400000,0,0
2020-03-03,26762.47,27084.59,25706.28,25917.41,6355940000,0,0
2020-03-04,26383.68,27102.34,26286.31,27090.86,5035480000,0,0
2020-03-05,26671.92,26671.92,25943.33,26121.28,5575550000,0,0
2020-03-06,25457.21,25994.38,25226.62,25864.78,6552140000,0,0
2020-03-09,24992.36,24992.36,23706.07,23851.02,8423050000,0,0
2020-03-10,24453.0,25020.99,23690.34,25018.16,7635960000,0,0
2020-03-11,24604.63,24604.63,23328.32,23553.22,7374110000,0,0
2020-03-12,22184.71,22837.95,21154.46,21200.62,8829380000,0,0
2020-03-13,21973.82,23189.76,21285.37,23185.62,8258670000,0,0
2020-03-16,20917.53,21768.28,20116.46,20188.52,7781540000,0,0
2020-03-17,20487.05,21379.35,19882.26,21237.38,8358500000,0,0
2020-03-18,20188.69,20489.33,18917.46,19898.92,8755780000,0,0
2020-03-19,19830.01,20442.63,19177.13,20087.19,7946710000,0,0
2020-03-20,20253.15,20531.26,19094.27,19173.98,9044690000,0,0
2020-03-23,19028.36,19121.01,18213.65,18591.93,7402180000,0,0
2020-03-24,19722.19,20737.7,19649.25,20704.91,7547350000,0,0
2020-03-25,21050.34,22019.93,20538.34,21200.55,8285670000,0,0
2020-03-26,21468.38,22595.06,21427.1,22552.17,7753160000,0,0
2020-03-27,21898.47,22327.57,21469.27,21636.78,6194330000,0,0
2020-03-30,21678.22,22378.09,21522.08,22327.48,5746220000,0,0
2020-03-31,22208.42,22480.37,21852.08,21917.16,6568290000,0,0
2020-04-01,21227.38,21487.24,20784.43,20943.51,5947900000,0,0
2020-04-02,20819.46,21477.77,20735.02,21413.44,6454990000,0,0
2020-04-03,21285.93,21447.81,20863.09,21052.53,6087190000,0,0
2020-04-06,21693.63,22783.45,21693.63,22679.99,6391860000,0,0
2020-04-07,23537.44,23617.24,22634.45,22653.86,7040720000,0,0
2020-04-08,22893.47,23513.4,22682.99,23433.57,5856370000,0,0
2020-04-09,23690.66,24008.99,23504.09,23719.37,7880140000,0,0
2020-04-13,23698.93,23698.93,23095.35,23390.77,5274310000,0,0
2020-04-14,23690.57,24040.58,23683.44,23949.76,5567400000,0,0
2020-04-15,23600.72,23649.72,23233.32,23504.35,5203390000,0,0
2020-04-16,23543.66,23598.08,23211.38,23537.68,5179990000,0,0
2020-04-17,23817.15,24264.21,23817.15,24242.49,5792140000,0,0
2020-04-20,24095.1,24108.69,23627.19,23650.44,5220160000,0,0
2020-04-21,23365.25,23365.25,22941.88,23018.88,5075830000,0,0
2020-04-22,23437.34,23613.1,23339.6,23475.82,5049660000,0,0
2020-04-23,23543.09,23885.36,23483.35,23515.26,5756520000,0,0
2020-04-24,23628.24,23826.0,23417.68,23775.27,5374480000,0,0
2020-04-27,23866.15,24207.65,23840.61,24133.78,5194260000,0,0
2020-04-28,24357.17,24512.24,24031.2,24101.55,5672880000,0,0
2020-04-29,24490.37,24764.77,24453.99,24633.86,6620140000,0,0
2020-04-30,24585.57,24585.57,24186.9,24345.72,6523120000,0,0
2020-05-01,24120.78,24120.78,23645.3,23723.69,4753160000,0,0
2020-05-04,23581.55,23769.56,23361.16,23749.76,4723140000,0,0
2020-05-05,23958.88,24169.72,23868.91,23883.09,5129590000,0,0
2020-05-06,23978.88,24054.59,23661.14,23664.64,4861920000,0,0
2020-05-07,23837.21,24094.62,23834.39,23875.89,5164640000,0,0
2020-05-08,24107.82,24349.9,24107.05,24331.32,4857160000,0,0
2020-05-11,24256.45,24366.21,24070.22,24221.99,4807320000,0,0
2020-05-12,24292.84,24382.09,23761.58,23764.78,5107710000,0,0
2020-05-13,23702.16,23708.9,23067.64,23247.97,6143130000,0,0
2020-05-14,23049.06,23630.86,22789.62,23625.34,5641920000,0,0
2020-05-15,23454.83,23730.08,23354.15,23685.42,5477040000,0,0
2020-05-18,24059.98,24708.54,24059.98,24597.37,6364290000,0,0
2020-05-19,24577.48,24599.5,24202.96,24206.86,4969330000,0,0
2020-05-20,24455.94,24649.48,24455.94,24575.9,4992970000,0,0
2020-05-21,24564.27,24718.46,24370.88,24474.12,4966940000,0,0
2020-05-22,24461.98,24481.64,24294.07,24465.16,3952800000,0,0
2020-05-26,24781.84,25176.42,24781.84,24995.11,5837060000,0,0
2020-05-27,25298.63,25551.56,25009.87,25548.27,6371230000,0,0
2020-05-28,25697.36,25758.79,25358.73,25400.64,5402670000,0,0
2020-05-29,25324.15,25482.8,25031.67,25383.11,7275080000,0,0
2020-06-01,25342.99,25508.83,25220.66,25475.02,4673410000,0,0
2020-06-02,25582.52,25743.13,25523.74,25742.65,5187230000,0,0
2020-06-03,25906.88,26337.75,25906.88,26269.89,5989560000,0,0
2020-06-04,26226.49,26384.1,26082.31,26281.82,6428130000,0,0
2020-06-05,26836.8,27338.3,26836.8,27110.98,8617590000,0,0
2020-06-08,27232.93,27580.21,27232.48,27572.44,8437380000,0,0
2020-06-09,27447.37,27447.37,27151.06,27272.3,6382620000,0,0
2020-06-10,27251.89,27355.22,26938.05,26989.99,6570840000,0,0
2020-06-11,26282.51,26294.08,25082.72,25128.17,7018890000,0,0
2020-06-12,25659.42,25965.55,25078.41,25605.54,5832250000,0,0
2020-06-15,25270.39,25891.58,24843.18,25763.16,5740660000,0,0
2020-06-16,26326.68,26611.03,25811.7,26289.98,5829240000,0,0
2020-06-17,26330.52,26400.07,26068.41,26119.61,4549390000,0,0
2020-06-18,26016.45,26154.2,25848.53,26080.1,4429030000,0,0
2020-06-19,26213.1,26451.44,25759.66,25871.46,8327780000,0,0
2020-06-22,25865.08,26059.81,25667.68,26024.96,4665380000,0,0
2020-06-23,26159.39,26314.97,26105.97,26156.1,4704830000,0,0
2020-06-24,25992.96,25992.96,25296.73,25445.94,5587200000,0,0
2020-06-25,25365.22,25769.61,25209.79,25745.6,4815420000,0,0
2020-06-26,25641.69,25641.69,24971.03,25015.55,8098120000,0,0
2020-06-29,25152.45,25601.15,25096.16,25595.8,4462770000,0,0
2020-06-30,25512.43,25905.38,25475.14,25812.88,4696280000,0,0
2020-07-01,25879.38,26019.31,25713.61,25734.97,4443130000,0,0
2020-07-02,25936.45,26204.41,25778.12,25827.36,4190830000,0,0
2020-07-06,25996.08,26297.53,25996.08,26287.03,4736450000,0,0
2020-07-07,26172.01,26174.93,25866.58,25890.18,4563700000,0,0
2020-07-08,25950.06,26109.49,25816.25,26067.28,4927700000,0,0
2020-07-09,26094.92,26103.28,25523.51,25706.09,4829020000,0,0
2020-07-10,25690.35,26101.32,25637.5,26075.3,4515340000,0,0
2020-07-13,26225.07,26639.09,26044.23,26085.8,4890780000,0,0
2020-07-14,26044.17,26690.52,25994.98,26642.59,4476170000,0,0
2020-07-15,27009.81,27071.33,26692.48,26870.1,4669760000,0,0
2020-07-16,26746.57,26879.16,26590.01,26734.71,3961230000,0,0
2020-07-17,26774.62,26808.43,26619.88,26671.95,3993830000,0,0
2020-07-20,26660.29,26765.02,26504.2,26680.87,3971200000,0,0
2020-07-21,26833.14,27025.38,26766.22,26840.4,4547960000,0,0
2020-07-22,26824.56,27035.24,26794.19,27005.84,4255190000,0,0
2020-07-23,26955.97,26973.85,26560.04,26652.33,4290460000,0,0
2020-07-24,26533.41,26625.7,26402.86,26469.89,3894900000,0,0
2020-07-27,26447.67,26625.46,26426.92,26584.77,3963910000,0,0
2020-07-28,26529.45,26556.84,26361.71,26379.28,4027890000,0,0
2020-07-29,26388.44,26602.45,26375.39,26539.57,4676300000,0,0
2020-07-30,26367.42,26374.93,25992.28,26313.65,4254010000,0,0
2020-07-31,26409.33,26440.02,26013.59,26428.32,5117260000,0,0
2020-08-03,26542.32,26707.26,26534.38,26664.4,4643640000,0,0
2020-08-04,26664.61,26832.72,26597.82,26828.47,4621670000,0,0
2020-08-05,26924.78,27221.67,26924.78,27201.52,4732220000,0,0
2020-08-06,27170.82,27394.1,27145.25,27386.98,4267490000,0,0
2020-08-07,27321.68,27456.24,27223.55,27433.48,4104860000,0,0
2020-08-10,27488.21,27803.86,27488.21,27791.44,4318570000,0,0
2020-08-11,27961.64,28154.88,27624.51,27686.91,5087650000,0,0
2020-08-12,27860.24,28043.89,27843.32,27976.84,3768560000,0,0
2020-08-13,27922.51,27986.1,27789.78,27896.72,3648810000,0,0
2020-08-14,27828.93,27977.81,27759.39,27931.02,3193400000,0,0
2020-08-17,27970.05,27999.81,27816.4,27844.91,3671290000,0,0
2020-08-18,27853.48,27891.12,27668.79,27778.07,3881310000,0,0
2020-08-19,27811.26,27920.42,27647.67,27692.88,3884480000,0,0
2020-08-20,27622.68,27781.46,27526.25,27739.73,3642850000,0,0
2020-08-21,27758.13,27959.48,27686.78,27930.33,3705420000,0,0
2020-08-24,28077.58,28314.94,28041.75,28308.46,3728690000,0,0
2020-08-25,28347.42,28400.74,28094.57,28248.44,3619300000,0,0
2020-08-26,28257.88,28353.8,28153.91,28331.92,3754360000,0,0
2020-08-27,28384.07,28634.22,28363.93,28492.27,3929560000,0,0
2020-08-28,28601.29,28733.35,28487.98,28653.87,3855880000,0,0
2020-08-31,28643.66,28643.66,28363.55,28430.05,4342290000,0,0
